Platform,Average Success Ratio
Windows,0.7144630361039865
Mac,0.7582707264159131
Linux,0.7699843706181254
